{"cameraMode":{"drawMode":0,"name":"Shaded","section":"Shading Mode"},"sceneLighting":true,"audioPlay":false,"sceneViewState":{"showFog":true,"showMaterialUpdate":false,"showSkybox":true,"showFlares":true,"showImageEffects":true,"showParticleSystems":true},"in2DMode":false,"pivot":{"x":-3.9674692153930666,"y":6.623812675476074,"z":-7.745864391326904},"rotation":{"x":-0.26157674193382265,"y":-0.19407200813293458,"z":0.053779035806655887,"w":-0.9439393877983093},"size":0.5891678929328919,"orthographic":false}