{"cameraMode":{"drawMode":0,"name":"Shaded","section":"Shading Mode"},"sceneLighting":true,"audioPlay":false,"sceneViewState":{"showFog":true,"showMaterialUpdate":false,"showSkybox":true,"showFlares":true,"showImageEffects":true,"showParticleSystems":true},"in2DMode":false,"pivot":{"x":-2.7497847080230715,"y":0.9193840622901917,"z":1.7798227071762086},"rotation":{"x":-0.1363758146762848,"y":-0.01958487741649151,"z":0.0026962498668581249,"w":-0.9904599189758301},"size":0.5891678929328919,"orthographic":false}