{"cameraMode":{"drawMode":0,"name":"Shaded","section":"Shading Mode"},"sceneLighting":false,"audioPlay":false,"sceneViewState":{"showFog":true,"showMaterialUpdate":false,"showSkybox":false,"showFlares":true,"showImageEffects":true,"showParticleSystems":true},"in2DMode":false,"pivot":{"x":-8.192190170288086,"y":0.5781977772712708,"z":0.10267806053161621},"rotation":{"x":-0.010528989136219025,"y":0.9864504933357239,"z":-0.14789541065692902,"w":-0.07022514939308167},"size":3.4015631675720217,"orthographic":false}