{"cameraMode":{"drawMode":0,"name":"Shaded","section":"Shading Mode"},"sceneLighting":false,"audioPlay":false,"sceneViewState":{"showFog":true,"showMaterialUpdate":false,"showSkybox":false,"showFlares":true,"showImageEffects":true,"showParticleSystems":true},"in2DMode":false,"pivot":{"x":0.11324122548103333,"y":1.8167301416397095,"z":-1.3929572105407715},"rotation":{"x":-0.15615053474903108,"y":-0.22081014513969422,"z":0.035834863781929019,"w":-0.9620684385299683},"size":4.991292476654053,"orthographic":false}