{"cameraMode":{"drawMode":0,"name":"Shaded","section":"Shading Mode"},"sceneLighting":true,"audioPlay":false,"sceneViewState":{"showFog":true,"showMaterialUpdate":false,"showSkybox":true,"showFlares":true,"showImageEffects":true,"showParticleSystems":true},"in2DMode":false,"pivot":{"x":-12.000692367553711,"y":16.4335880279541,"z":-2.070133686065674},"rotation":{"x":0.2672281563282013,"y":0.6758098602294922,"z":-0.29001712799072268,"w":0.622704029083252},"size":4.371347904205322,"orthographic":false}