{"cameraMode":{"drawMode":0,"name":"Shaded","section":"Shading Mode"},"sceneLighting":true,"audioPlay":false,"sceneViewState":{"showFog":true,"showMaterialUpdate":false,"showSkybox":true,"showFlares":true,"showImageEffects":true,"showParticleSystems":true},"in2DMode":false,"pivot":{"x":-5.669346809387207,"y":1.902273416519165,"z":-0.6727415323257446},"rotation":{"x":-0.09317277371883393,"y":0.69389808177948,"z":-0.09129611402750015,"w":-0.7081591486930847},"size":2.9502806663513185,"orthographic":false}