{"cameraMode":{"drawMode":0,"name":"Shaded","section":"Shading Mode"},"sceneLighting":false,"audioPlay":false,"sceneViewState":{"showFog":true,"showMaterialUpdate":false,"showSkybox":false,"showFlares":true,"showImageEffects":true,"showParticleSystems":true},"in2DMode":false,"pivot":{"x":-0.40799832344055178,"y":0.8983793258666992,"z":0.21325215697288514},"rotation":{"x":0.31138038635253909,"y":-0.6435334086418152,"z":0.3231811225414276,"w":0.620049238204956},"size":6.206858158111572,"orthographic":false}