{"cameraMode":{"drawMode":0,"name":"Shaded","section":"Shading Mode"},"sceneLighting":true,"audioPlay":false,"sceneViewState":{"showFog":true,"showMaterialUpdate":false,"showSkybox":true,"showFlares":true,"showImageEffects":true,"showParticleSystems":true},"in2DMode":false,"pivot":{"x":-8.257854461669922,"y":-5.628751754760742,"z":38.861751556396487},"rotation":{"x":0.08670122921466828,"y":-0.10831893235445023,"z":0.009484519250690937,"w":0.9902828335762024},"size":40.010372161865237,"orthographic":false}