{"cameraMode":{"drawMode":0,"name":"Shaded","section":"Shading Mode"},"sceneLighting":true,"audioPlay":false,"sceneViewState":{"showFog":true,"showMaterialUpdate":false,"showSkybox":true,"showFlares":true,"showImageEffects":true,"showParticleSystems":true},"in2DMode":false,"pivot":{"x":-8.211675643920899,"y":2.2939040660858156,"z":22.996030807495118},"rotation":{"x":0.14493462443351746,"y":-0.07645803689956665,"z":0.011236106976866722,"w":0.9864187240600586},"size":8.818058967590332,"orthographic":false}